Ticker,Description,Price,Change %,Change,Technical Rating,Volume,Volume*Price,Market Capitalization,Price to Earnings Ratio (TTM),Basic EPS (TTM),Sector,Exchange,1-Month High,1-Month Low,1-Year Beta,Aroon Down (14),Aroon Up (14),Average Volume (10 day),Average Directional Index (14),Awesome Oscillator,Bollinger Lower Band (20),Bollinger Upper Band (20),Bull Bear Power,"Change 1h, %",Average True Range (14),Change 1h,"Change 1W, %","Change 1m, %","Change 5m, %","Change 15m, %",Commodity Channel Index (20),Country,Exponential Moving Average (20),High,Hull Moving Average (9),"Ichimoku Base Line (9, 26, 52, 26)","Ichimoku Conversion Line (9, 26, 52, 26)","Ichimoku Leading Span A (9, 26, 52, 26)","Ichimoku Leading Span B (9, 26, 52, 26)","Change 1M, %","Change 4h, %",Industry,Low,"MACD Level (12, 26)","MACD Signal (12, 26)",Momentum (10),Keltner Channels Lower Band (20),Keltner Channels Upper Band (20),Moving Averages Rating,Negative Directional Indicator (14),Open,Oscillators Rating,Positive Directional Indicator (14),Relative Strength Index (14),Relative Volume,Relative Volume at Time,Simple Moving Average (5),Simple Moving Average (20),Simple Moving Average (50),Simple Moving Average (200),"Stochastic %D (14, 3, 3)","Stochastic %K (14, 3, 3)","Stochastic RSI Fast (3, 3, 14, 14)","Stochastic RSI Slow (3, 3, 14, 14)",Volatility Week,Volatility Month,Volatility,Volume Weighted Average Price,Volume Weighted Moving Average (20),Average Day Range (14)
ADAVIATION,Abu Dhabi Aviation Co.,6.8,0,0,Buy,3000,20400,2908908277,8.576113,0.7929,Transportation,ADX,7.02,6.48,1.172386,0,78.57142857,136938.5,49.79551974,0.16023529,6.50575748,6.84824252,0.13224507,1.04011887,0.01796637,0.07,3.97553517,0,0,0,113.28588375,United Arab Emirates,6.7011864,6.8,6.8207037,6.67,6.745,6.5825,6.59,3.97553517,1.04011887,Airlines,6.8,0.05832974,0.04441382,0.12,6.6657486,6.7366242,Strong Buy,10.70748559,6.8,Neutral,71.42901537,79.00784542,0.15949302,,6.79,6.677,6.6196,6.72735,100,100,100,100,3.65853659,1.03227062,3.96341463,6.71440111,6.71673528,0.01142857
ADCB,Abu Dhabi Commercial Bank,8.19,0.36764706,0.03,Strong Buy,667152,5463974.88,59330785428,9.140625,0.8971,Finance,ADX,8.23,7.95,1.2019151,35.71428571,100,3192054,37.05833084,0.00882353,8.12934148,8.17365852,0.06712423,0.49079755,0.01272958,0.04,0.9864365,0.36764706,0.36764706,0.36764706,395.12619669,United Arab Emirates,8.15387798,8.19,8.17062963,8.165,8.165,8.145,8.13,0.9864365,0.49079755,Major Banks,8.19,0.00440943,0.00122723,0.04,8.12735352,8.18040243,Strong Buy,8.05297499,8.19,Buy,34.39728414,69.14586842,17.38851212,2.21055681,8.16,8.1515,8.1478,8.1529,55.55555556,77.77777778,100,80.16898774,1.36138614,1.05281728,1.36138614,8.14077644,8.16502283,0.01
ADIB,Abu Dhabi Islamic Bank,10.44,0,0,Buy,360294,3761469.36,38644481247,10.34277789,1.0094,Finance,ADX,10.74,10,1.2691952,7.14285714,0,1588955.6,30.42156441,-0.03223529,10.38912881,10.45887119,0.02485131,0.38461538,0.02580447,0.04,-1.87969925,0,0,0,112.74509804,United Arab Emirates,10.43308132,10.44,10.43407407,10.46,10.42,10.515,10.49,-1.87969925,0.38461538,Regional Banks,10.44,-0.01182435,-0.01686214,0.04,10.38446347,10.48169917,Buy,22.88687207,10.44,Neutral,16.85059043,50.00706477,7.20478487,1.79716554,10.424,10.424,10.4692,10.5803,51.85185185,77.77777778,91.78892762,82.96856206,2.32108317,1.49482066,2.90135397,10.45786474,10.4266057,0.02
ADNH,Abu Dhabi National Hotels Co.,5.51,-0.72072072,-0.04,Neutral,2314,12750.14,6336000252,16.11582334,0.3419,Consumer Services,ADX,5.6,4.3,0.39159504,21.42857143,50,183648,40.73688069,0.13979412,5.37057809,5.65542191,-0.02922434,-0.72072072,0.02763208,-0.04,4.35606061,-0.72072072,-0.72072072,-0.72072072,1.30463144,United Arab Emirates,5.49248082,5.51,5.52807407,5.405,5.55,5.225,5.13,4.35606061,-0.72072072,Hotels/Resorts/Cruise lines,5.51,0.06508253,0.07637016,0.01,5.43923597,5.54572567,Buy,37.27793953,5.51,Sell,57.07447346,57.24609964,0.20791403,,5.542,5.513,5.3434,4.98345,59.13580247,42.22222222,2.16525394,1.81761232,5.66037736,3.07178982,6.03773585,5.48836124,5.50320679,0.00785714
ADNIC,Abu Dhabi National Insurance Company,5.77,0.34782609,0.02,Strong Buy,7000,40390,3283200130,8.37081097,0.6893,Finance,ADX,5.77,5.71,0.0314044,21.42857143,100,10040.8,22.18933447,0.01747059,5.72560392,5.76639608,0.03800073,0.34782609,0.00646933,0.02,0.17361111,0.34782609,0.34782609,0.34782609,203.38983051,United Arab Emirates,5.74699055,5.77,5.75985185,5.75,5.755,5.725,5.68,0.17361111,0.34782609,Multi-Line Insurance,5.77,0.00793333,0.00691437,0.04,5.73351986,5.76046124,Strong Buy,30.97194588,5.77,Buy,62.91696297,66.85168219,1.34573977,,5.756,5.746,5.737,5.6771,92.59259259,88.88888889,82.28608778,80.06820412,0.34782609,0.07069537,0.34782609,5.76249777,5.7440771,0.00142857
ADNOCDIST,Abu Dhabi National Oil Company For Distribution,3.89,-0.51150895,-0.02,Strong Sell,443422,1724911.58,48750001192,18.59464627,0.2092,Energy Minerals,ADX,4.2,3.89,0.9577852,85.71428571,0,7283419.1,32.60286689,-0.00958824,3.89144128,3.92555872,-0.03034412,-0.76530612,0.01311515,-0.03,-0.25641026,-0.51150895,-0.51150895,-0.51150895,-227.79519331,United Arab Emirates,3.9073297,3.89,3.89985185,3.905,3.905,3.9175,3.92,-0.25641026,-0.76530612,Oil & Gas Production,3.89,-0.00382141,-0.0023456,-0.03,3.88067797,3.93398142,Strong Sell,16.82987821,3.89,Sell,2.87623444,40.81652589,3.88683678,1.61248539,3.902,3.9085,3.9132,3.93245,31.48148148,33.33333333,25.775837,27.2110957,1.28534704,1.22343986,1.28534704,3.91533036,3.90563027,0.01142857
ADNOCDRILL,ADNOC Drilling Company PJSC,3.63,0,0,Buy,336928,1223048.64,56959999084,18.69207003,0.1942,Industrial Services,ADX,3.8,3.47,0.5898913,0,78.57142857,3491358,30.7608535,0.03202941,3.56101282,3.63898718,0.03368282,0.83333333,0.00756208,0.03,1.96629213,0,0,0,139.95485327,United Arab Emirates,3.60578254,3.63,3.63618519,3.6,3.615,3.5725,3.57,1.96629213,0.83333333,Contract Drilling,3.63,0.01315236,0.00991821,0.03,3.59073805,3.62082702,Strong Buy,24.03065534,3.63,Neutral,46.71429138,73.16133229,4.89136526,1.23845785,3.626,3.6,3.5842,3.58805,100,100,100,97.87104128,2.54237288,2.0135577,2.54237288,3.58809867,3.61313662,0.00642857
ADNOCGAS,ADNOC Gas plc,3.12,-0.63694268,-0.02,Sell,273412,853045.44,236394373519,,,Energy Minerals,ADX,3.15,3.02,0.6491904,100,0,10446801.2,60.21871428,0.00302941,3.12205448,3.14494552,-0.02817149,-0.31948882,0.01043295,-0.01,1.2987013,-0.63694268,-0.63694268,-0.63694268,-333.33333333,United Arab Emirates,3.13273862,3.12,3.13455556,3.13,3.13,3.12,3.115,1.2987013,-0.31948882,Integrated Oil,3.12,0.0029432,0.00406647,-0.01,3.11134709,3.15413015,Sell,8.21681888,3.12,Sell,10.26394924,37.14459417,1.99534974,1.65485845,3.136,3.1335,3.1254,3.10295,88.88888889,66.66666667,66.66666667,86.83846354,2.27272727,1.0061651,2.27272727,3.1235578,3.13413271,0.00928571
ADNOCLS,ADNOC Logistics & Services plc,3.03,0.33112583,0.01,Sell,296050,897031.5,28429300000,,,Transportation,ADX,3.13,2.98,0.5791956,50,0,5441789.3,73.27477498,-0.014,3.01820838,3.05279162,-0.00110317,-0.32894737,0.00887327,-0.01,-0.98039216,0,0.33112583,0.33112583,-44.02515723,United Arab Emirates,3.03380833,3.03,3.02240741,3.035,3.03,3.05,3.05,-0.98039216,-0.32894737,Marine Shipping,3.03,-0.00596707,-0.00503809,-0.01,3.01559293,3.05202373,Sell,20.75324438,3.03,Neutral,1.45647072,43.47560938,1.8035773,2.42762846,3.026,3.0355,3.0438,3.05945,16.66666667,16.66666667,67.65814623,70.07023579,1.32450331,3.72817066,1.32450331,3.0432861,3.03328245,0.00714286
ADPORTS,Abu Dhabi Ports Company PJSC,6.49,-0.15384615,-0.01,Neutral,316264,2052553.36,32728700000,25.91853035,0.2504,Transportation,ADX,6.54,6.27,0.4648671,21.42857143,0,2763275.5,20.20406132,-0.00038235,6.47585786,6.50414214,-0.00208501,0.15432099,0.01169102,0.01,0.93312597,-0.15384615,-0.15384615,-0.15384615,8.69565217,United Arab Emirates,6.49010128,6.49,6.49385185,6.495,6.49,6.4775,6.445,0.93312597,0.15432099,Other Transportation,6.49,0.00242117,0.00277387,0.01,6.46628146,6.5139211,Neutral,18.29987798,6.49,Neutral,23.89161146,50.98360181,5.35989804,,6.492,6.49,6.4856,6.40445,61.11111111,66.66666667,60.99577171,56.72280461,1.08695652,1.21502137,1.24223602,6.48752205,6.4892293,0.01
ADSB,Abu Dhabi Ship Building Co.,4.05,0,0,Neutral,1500,6075,869167198,36.35547576,0.1114,Producer Manufacturing,ADX,4.25,3.9,0.36140785,85.71428571,7.14285714,41562.3,8.14329478,-0.01417647,3.97381497,4.19018503,-0.02192719,0,0.04642534,0,-1.2195122,0,0,0,-43.82929642,United Arab Emirates,4.06291259,4.05,4.01166667,4.11,4.075,4.005,3.985,-1.2195122,0,Trucks/Construction/Farm Machinery,4.05,-0.0008855,0.00982809,-0.05,3.97425079,4.15157439,Neutral,38.58761866,4.05,Neutral,42.57390385,49.01864226,0.28219889,,4.032,4.082,4.043,4.02375,14.48559671,15.80246914,11.53029296,5.76514648,6.25,2.19512424,6.25,4.08562556,4.0756842,0.01357143
AGTHIA,AGTHIA Group,5.02,0.4,0.02,Strong Buy,17229,86489.58,3926222384,15.80604534,0.3176,Process Industries,ADX,5.13,4.81,0.23353402,28.57142857,100,277291.4,11.78319053,0.02391176,4.94393672,5.01906328,0.05392308,0.4,0.01208566,0.02,1.20967742,0.4,0.4,0.4,207.13664056,United Arab Emirates,4.98682795,5.02,5.00907407,4.965,4.995,4.97,4.95,1.20967742,0.4,Agricultural Commodities/Milling,5.02,0.01070688,0.00689289,0.05,4.96156646,5.01208943,Strong Buy,35.47169974,5.02,Buy,35.73575757,68.83514136,1.93256385,,5.004,4.9815,4.9706,4.96485,100,100,100,100,2.24032587,1.52381938,2.24032587,4.96337156,4.98740988,0.00714286
AIRARABIA,AIR ARABIA,2.46,0,0,Neutral,826676,2033622.96,11293414829,9.02090209,0.2727,Transportation,DFM,2.5,2.28,0.87405306,0,35.71428571,2307530,25.27728901,0.00073529,2.45197416,2.48102584,-0.00979005,0,0.00934355,0,1.65289256,0,0,0,-112.55411255,United Arab Emirates,2.46474703,2.46,2.45881481,2.47,2.47,2.455,2.45,1.65289256,0,Airlines,2.46,0.00099426,0.00299122,0,2.44540933,2.48408473,Sell,13.34283905,2.46,Neutral,23.37315355,47.22934556,13.25844535,1.54786443,2.462,2.4665,2.4566,2.4462,11.11111111,0,1.82896557,11.0337149,2.47933884,1.80094927,2.47933884,2.46281146,2.46619534,0.01
AJMANBANK,AJMAN BANK,2.24,-0.44444444,-0.01,Buy,460985,1032606.4,4868640021,27.45098039,0.0816,Finance,DFM,2.33,2.08,0.2379257,7.14285714,71.42857143,12778610.6,21.21779012,0.01561765,2.21134148,2.25565852,0.00125331,0,0.01145301,0,0,-0.44444444,-0.44444444,-0.44444444,60.60606061,United Arab Emirates,2.23670297,2.24,2.24944444,2.235,2.24,2.2225,2.23,0,0,Major Banks,2.24,0.00451606,0.0030351,0,2.21214107,2.26126486,Buy,11.64628798,2.24,Neutral,22.93940391,52.98588757,1.45657634,0.75099858,2.246,2.2335,2.2308,2.2353,73.33333333,73.33333333,78.14426322,81.29887566,2.26244344,1.82397681,2.26244344,2.23416265,2.23823832,0.01214286
ALAIN,Al Ain Alahlia Insurance Co.,37,2.77777778,1,Buy,14314,529618,555000000,9.44865804,3.9159,Finance,ADX,37,34,0.01807196,14.28571429,0,36837.2,19.94476424,-0.41705882,29.45795828,45.44404172,2.26762668,2.77777778,1.04004429,1,2.77777778,2.77777778,2.77777778,2.77777778,-8.83430295,United Arab Emirates,36.01157693,37,36.36666667,37.1,35.5,34.1,45.6,5.71428571,2.77777778,Multi-Line Insurance,37,-0.32549994,-0.38033397,2,34.08737224,37.93578162,Buy,47.05788157,37,Neutral,50.6938668,52.94211843,1.15355479,,35.6,37.451,35.5332,42.8443,35.77889597,57.54799034,65.64313697,42.26908972,0,0.98039216,2.7027027,37,36.28787551,0
ALANSARI,AL ANSARI FINANCIA,1.2,-0.82644628,-0.01,Strong Sell,2362141,2834569.2,9150000000,,,Finance,DFM,1.27,1.18,0.86574525,100,14.28571429,6663448.8,32.11952892,-0.00320588,1.20371017,1.22728983,-0.02798137,-1.63934426,0.00752239,-0.02,-1.63934426,0,-0.82644628,-0.82644628,-275.86206897,United Arab Emirates,1.21527269,1.2,1.21155556,1.215,1.21,1.2175,1.22,-1.63934426,-1.63934426,Financial Conglomerates,1.2,-0.00229346,-0.00127497,-0.02,1.19934988,1.2311955,Strong Sell,41.22830654,1.2,Sell,14.07065296,37.78252723,27.58682265,,1.214,1.2155,1.2184,1.22615,33.33333333,16.66666667,43.11555172,73.18814559,2.5,1.75330351,2.5,1.2125107,1.20762685,0.00571429
ALDAR,Al Dar Properties,5.08,0,0,Sell,671923,3413368.84,40020784818,13.77813941,0.3687,Finance,ADX,5.21,5.03,1.0738226,57.14285714,92.85714286,4935802.1,29.37319854,-0.01191176,5.0661477,5.0998523,-0.00143483,0,0.01450807,0,-0.19646365,0,0,0,-35.0877193,United Arab Emirates,5.08341694,5.08,5.07966667,5.09,5.08,5.1,5.1,-0.19646365,0,Real Estate Development,5.08,-0.00506835,-0.00535365,0,5.05390466,5.11292921,Sell,11.12716517,5.08,Buy,17.64044266,47.00500999,3.99303634,1.50749839,5.08,5.083,5.0928,5.1065,47.22222222,50,78.17864989,74.38753669,1.18577075,1.04805554,1.18577075,5.09008658,5.08087194,0.01428571
ALFIRDOUS,AL FIRDOUS HOLDING,0.785,0,0,Buy,4000,3140,409800017,,-0.0015,Consumer Services,DFM,0.785,0.133,1.9341558,0,0,5083031.1,31.50718505,0.02663235,0.77852197,0.78987803,0.00481287,0,0.00517371,0,14.9341142,0,0,0,44.03409091,United Arab Emirates,0.77411891,0.785,0.785,0.734,0.785,0.6925,0.6075,14.9341142,0,Hotels/Resorts/Cruise lines,0.785,0.02027812,0.02699548,0,0.76690297,0.78133484,Strong Buy,50.08918657,0.785,Neutral,35.35880537,87.85147893,0.77492348,,0.785,0.7842,0.7095,0.411265,100,100,100,90.37983735,14.9341142,6.81008677,14.9341142,0.7759812,0.78344134,0.00007143
ALPHADHABI,Alpha Dhabi Holding PJSC,21.08,0.47664442,0.1,Strong Buy,25703,541819.24,209200000763,17.70982105,1.1903,Industrial Services,ADX,21.219999,17.52,0.5061042,0,57.14285714,6643652.7,44.71222433,0.33382353,20.6902001,21.0897999,0.27920265,1.34615385,0.06162215,0.28,0.76481836,0.47664442,0.47664442,0.47664442,132.69054178,United Arab Emirates,20.86924683,21.08,21.03785185,20.75,20.95,20.295,20.54,0.76481836,1.34615385,Engineering & Construction,21.08,0.1330082,0.12876448,0.24,20.74877813,20.98971552,Strong Buy,13.60586434,21.08,Buy,58.24539015,72.66018554,0.9417157,0.78922704,21.024,20.89,20.4952,20.4624,73.00925926,76.11111111,51.05841028,57.69891043,6.24370594,2.52851523,6.24370594,20.41220954,20.8702805,0.03857143
ALRAMZ,AL RAMZ CORPORATIO,1.3,0,0,Buy,10000,13000,675728057,22.88732394,0.0568,Finance,DFM,1.3,1.08,-0.36599714,28.57142857,0,53609,10.31308742,-0.03838235,1.11366702,1.42633298,0.05350427,0,0.05731466,0,0,0,0,0,36.26731866,United Arab Emirates,1.27953414,1.3,1.32062963,1.27,1.195,1.375,1.295,0,0,Real Estate Development,1.3,-0.0115692,-0.02076879,0.22,1.16757663,1.39149165,Strong Buy,48.70784028,1.3,Buy,49.16723446,51.00674355,0.06344642,,1.29,1.27,1.3088,1.137435,97.47474747,100,100,99.05054857,0,0.88383838,0,1.3,1.29846493,0.00142857
ALSALAMSUDAN,AL SALAM BK-SUDAN,1.03,7.29166667,0.07,Buy,11375,11716.25,112421925,5.99883518,0.1717,Finance,DFM,1.03,1.03,0.31041747,92.85714286,71.42857143,0,9.38162608,-0.00403235,0.95020252,1.05029748,0.05167268,-1.9047619,0.029779,-0.02,0,7.29166667,7.29166667,7.29166667,115.39430587,Sudan,1.00668,1.03,0.99114815,1.03,1.005,1.0525,1.0315,0,-1.9047619,Regional Banks,1.03,-0.00551486,-0.00756076,0.06,0.94365205,1.06970794,Buy,42.56397624,1.03,Buy,47.36294993,52.70775792,1.49574616,,1.012,1.00025,1.0257,1.09004,41.97530864,25.92592593,37.04796515,51.56616031,0,0,0,0.99125803,1.00299551,0.00378571
AMAN,AMAN (DUBAI ISL IN,0.703,0,0,Neutral,25000,17575,159605254,,-0.0353,Finance,DFM,0.807,0.64,0.14987807,42.85714286,0,1342917.8,9.89022436,0.00262353,0.68523383,0.71926617,0.00022421,0,0.00835731,0,-0.56577086,0,0,0,13.4589502,United Arab Emirates,0.70297011,0.703,0.70410741,0.7015,0.698,0.71,0.7195,-0.56577086,-0.56577086,Multi-Line Insurance,0.703,-0.00045714,-0.00116885,0.016,0.68726414,0.71867607,Sell,39.39254346,0.703,Neutral,41.4182852,49.76180015,0.28545232,,0.7048,0.70225,0.7058,0.69681,60.55854241,60.1702509,61.99702313,61.35178386,4.51895044,4.3638876,4.51895044,0.7039193,0.70526834,0.00285714
AMANAT,AMANAT HLDGS,1.01,-0.98039216,-0.01,Buy,20405,20609.05,2516301055,20.48681542,0.0493,Finance,DFM,1.09,0.993,0.28347746,0,57.14285714,8007307.7,24.23608633,0.00883824,0.99353576,1.02146424,-0.00197175,0,0.00656571,0,0,0,-0.98039216,-0.98039216,29.62962963,United Arab Emirates,1.00934633,1.01,1.01533333,1.01,1.01,1.0075,1.0075,0,0,Financial Conglomerates,1.01,0.00292391,0.00224715,0.01,0.99499522,1.02369744,Buy,39.14444792,1.01,Neutral,45.76647863,51.17593496,0.14554426,,1.014,1.0075,1.0045,1.008565,72.22222222,66.66666667,43.84157184,53.2368348,2,2.5317125,2,1.0065865,1.00715759,0.00142857
AMLAK,AMLAK FINANCE,0.843,0.71684588,0.006,Buy,299326,252331.818,1222499996,4.35433884,0.3181,Finance,DFM,0.848,0.722,1.1135154,0,50,11519168.3,20.19309632,0.00552059,0.83270778,0.84459222,0.00712305,0.35714286,0.00335497,0.003,3.43558282,0.71684588,0.71684588,0.71684588,131.0211946,United Arab Emirates,0.83821963,0.843,0.83950741,0.83,0.84,0.8305,0.829,3.43558282,0.35714286,Real Estate Investment Trusts,0.843,0.00233897,0.00242384,0.004,0.83186137,0.8445779,Strong Buy,23.14597464,0.843,Neutral,34.84851735,58.80114104,1.46635059,1.51495603,0.8404,0.83865,0.8338,0.819275,54.85008818,52.38095238,24.83253554,17.10142696,3.79901961,3.10125551,3.92156863,0.83249597,0.8397897,0.00157143
AMR,Americana Restaurants International PLC,3.97,0,0,Sell,456151,1810919.47,35222662751.51738,,,Consumer Services,ADX,4.23,3.84,0.16377659,85.71428571,0,6662852.7,73.96776138,-0.03767647,3.95901613,4.02098387,-0.02425309,-0.50125313,0.0113228,-0.02,-6.1465721,0,0,0,-99.22099221,United Arab Emirates,3.99178704,3.97,3.96640741,4,3.975,4.0675,4.125,-6.1465721,-0.50125313,Restaurants,3.97,-0.01987501,-0.02099896,-0.02,3.97124726,4.01232683,Strong Sell,48.54335677,3.97,Neutral,4.07431217,31.13791132,2.83105734,2.32280292,3.972,3.99,4.039,4.13005,14.44444444,18.88888889,21.35310059,25.72603883,6.06060606,1.70815807,6.81818182,4.03751702,3.989484,0.00928571
APEX,APEX INVESTMENT P.S.C,1.82,0,0,Sell,10000,18200,6466815676,,-0.0147,Non-Energy Minerals,ADX,1.99,1.78,0.0092077,64.28571429,7.14285714,2070296.7,18.21828661,-0.01120588,1.80242359,1.85157641,-0.00141891,1.11111111,0.00879946,0.02,0,0,0,0,-53.14009662,United Arab Emirates,1.82279121,1.82,1.817,1.825,1.815,1.825,1.83,0,1.11111111,Construction Materials,1.82,-0.00358352,-0.00230914,-0.01,1.80467683,1.84090559,Sell,33.24714715,1.82,Neutral,26.75734654,48.08383523,0.16053787,,1.816,1.827,1.8256,1.82875,31.11111111,40,45.02293573,37.67616568,2.77777778,2.41165371,2.77777778,1.8251166,1.82270605,0.005
ARMX,ARAMEX COMPANY,2.86,0.35087719,0.01,Strong Buy,44693,127821.98,4114120847.999999,30.07360673,0.0951,Transportation,DFM,3,2.7,0.64968616,35.71428571,14.28571429,659946,18.11098126,0.01155882,2.836,2.86,0.02066298,0.35087719,0.00635785,0.01,1.77935943,0.35087719,0.35087719,0.35087719,172.57683215,United Arab Emirates,2.84710643,2.86,2.85374074,2.845,2.85,2.8225,2.815,1.77935943,0.35087719,Air Freight/Couriers,2.86,0.0051387,0.00516981,0.01,2.83597099,2.85824186,Strong Buy,29.21871555,2.86,Buy,53.57375541,59.75162077,2.44024024,,2.852,2.848,2.835,2.79585,55.55555556,66.66666667,57.35312672,46.04115618,1.77304965,2.14070811,2.12765957,2.84708856,2.8478087,0.00071429
ASCANA,ARABIAN SCANDINAVI,1.98,0,0,Sell,1548,3065.04,304920003,,-0.281,Finance,DFM,2.19,1.98,-0.36679137,14.28571429,50,199.8,17.59330283,0.13635294,1.69015928,2.31784072,-0.10076497,0,0.06163064,0,0,0,0,0,-12.82051282,United Arab Emirates,2.00262197,1.98,1.96948148,2.06,2.155,1.7075,2.145,0,0,Property/Casualty Insurance,1.98,0.05229675,0.05898096,0.19,1.87555079,2.12969316,Sell,49.91937272,1.98,Neutral,50.08062728,50.08062728,0.14827586,,2.064,2.004,1.8622,2.03135,48.14814815,35.18518519,23.48167596,38.29032355,0,0,0,1.98,1.85483647,0
ASM,Al  Seer Marine Supplies & Equipment Company P.J.S.C,7.56,0,0,Neutral,573,4331.88,7630000114,,,Consumer Durables,ADX,7.9,7.11,0.55262434,28.57142857,0,1006929,12.31044754,-0.02647059,7.50521957,7.60178043,0.00589947,0.53191489,0.02680513,0.04,-0.91743119,0,0,0,32.83369022,United Arab Emirates,7.56547229,7.56,7.56085185,7.595,7.54,7.6225,7.705,-0.91743119,0.53191489,Recreational Products,7.56,-0.01825423,-0.02314563,0.05,7.51894826,7.61199631,Sell,42.64016922,7.56,Neutral,39.26797947,47.29401937,0.21353507,,7.556,7.5535,7.6164,7.656,55.52910053,59.45767196,94.51149036,93.47400051,2.53333333,2.56441975,2.53333333,7.6192637,7.56803774,0.00285714
BAYANAT,Bayanat AI PLC,4.11,0,0,Sell,34500,141795,10542900000,,,Technology Services,ADX,4.35,3.93,0.97995484,0,57.14285714,3104103.5,14.03000224,0.01020588,4.0642632,4.1447368,-0.0070827,-0.24271845,0.00939737,-0.01,0.24390244,0,0,0,23.62204724,United Arab Emirates,4.1117991,4.11,4.11503704,4.1,4.12,4.1225,4.14,0.24390244,-0.24271845,Data Processing Services,4.11,0.0017978,-0.00066921,0,4.0946122,4.12898599,Strong Sell,44.91578207,4.11,Neutral,46.55634777,48.9710698,0.97665926,,4.118,4.1045,4.1146,4.123,83.33333333,77.77777778,71.20201713,78.82695335,2.71604938,2.09137566,2.71604938,4.11691306,4.11027108,0.00285714
BHMCAPITAL,BHM CAPITAL,1.8,0,0,Buy,685,1233,308575901,,,Finance,DFM,1.8,1.8,-0.31975785,0,57.14285714,68.5,33.27035837,0.32014706,1.35536521,1.90263479,0.19115219,0,0.06089862,0,0,0,0,0,96.63574692,United Arab Emirates,1.63537402,1.8,1.83203704,1.575,1.7,1.2125,1.165,0,0,Investment Banks/Brokers,1.8,0.13543635,0.13376055,0.11,1.51827148,1.75247656,Strong Buy,26.47224999,1.8,Neutral,64.42260526,64.54907475,0.00005085,,1.8,1.629,1.33762,,100,100,52.96254098,52.96254098,0,0,0,1.8,1.79693024,0.01428571
BOROUGE,Borouge PLC,2.66,0,0,Strong Buy,440660,1172155.6,79352301299,,,Process Industries,ADX,2.66,2.54,0.41883895,0,28.57142857,3655106.2,17.92767813,0.01061765,2.6423381,2.6656619,0.00609349,0.37735849,0.00510825,0.01,0.75757576,0,0,0,83.88520971,United Arab Emirates,2.65461813,2.66,2.66074074,2.65,2.655,2.6375,2.635,0.75757576,0.37735849,Chemicals: Specialty,2.66,0.00443427,0.00420124,0,2.64509531,2.66414095,Strong Buy,36.51455308,2.66,Buy,21.44528685,58.65628189,5.98464251,1.60356114,2.66,2.654,2.646,2.6331,100,100,49.54638891,49.54638891,1.14068441,0.92289853,1.14068441,2.64436592,2.65499687,0.00214286
BURJEEL,BURJEEL HOLDINGS PLC,2.28,0,0,Buy,328332,748596.96,11763600000,4.6759639,0.4876,Health Services,ADX,2.35,2.18,-0.03464093,0,71.42857143,3561406.6,14.17775021,0.01414706,2.24975176,2.28524824,0.01437201,0.44052863,0.00542075,0.01,0.88495575,0,0,0,124.18300654,United Arab Emirates,2.27007636,2.28,2.28344444,2.265,2.27,2.2625,2.27,0.88495575,0.44052863,Medical/Nursing Services,2.28,0.00470327,0.00288907,0.02,2.26069977,2.27945295,Strong Buy,27.19896046,2.28,Buy,32.02684355,60.00124631,17.35957195,0.87396565,2.28,2.2675,2.2614,2.283,100,100,100,100,1.33333333,1.6225421,1.33333333,2.26698449,2.27045602,0.00214286
CBD,COMM BK OF DUBAI,4.63,0.65217391,0.03,Strong Buy,1283,5940.29,13552771087,7.5260078,0.6152,Finance,DFM,4.75,4.3,0.39837286,50,78.57142857,35988.2,9.57658855,0.06641176,4.42016677,4.68983323,0.06715417,2.88888889,0.07171567,0.13,1.98237885,0.65217391,0.65217391,2.88888889,92.160383,United Arab Emirates,4.56884731,4.63,4.6132963,4.58,4.58,4.485,4.49,1.98237885,2.88888889,Major Banks,4.6,0.0220615,0.01463169,0.09,4.4169874,4.72070723,Strong Buy,32.32807942,4.6,Buy,41.39192672,53.79100055,0.18027259,,4.616,4.555,4.5342,4.4844,61.76470588,49.01960784,46.80030045,60.54779987,7.70975057,1.68478403,7.70975057,4.62388538,4.56944899,0.03071429
DANA,DANA GAS PJSC,0.87,0,0,Buy,44218,38469.66,6016021340,9.30481283,0.0935,Energy Minerals,ADX,0.877,0.816,0.6168876,21.42857143,35.71428571,11935021.3,29.27030462,0.00082941,0.86664376,0.87145624,0.00099505,0.34602076,0.00104389,0.003,1.1627907,0,0,0,67.01940035,United Arab Emirates,0.86913034,0.87,0.86963333,0.869,0.87,0.86625,0.8635,1.1627907,0.34602076,Integrated Oil,0.87,0.00084802,0.0009671,0.003,0.86742971,0.87083097,Strong Buy,24.39312825,0.87,Neutral,43.86814642,56.00460153,0.16978015,1.13862118,0.8698,0.86905,0.86654,0.85403,66.66666667,66.66666667,51.44454232,53.711413,3.17647059,1.10283003,3.17647059,0.8645092,0.86991006,0.0005
DARTAKAFUL,DAR AL TAKAFUL,0.75,-1.18577075,-0.009,Strong Sell,36039,27029.25,197978900,,-0.2893,Finance,DFM,0.898,0.65,0.5347708,42.85714286,0,1166539.7,26.87360022,-0.02061765,0.73154205,0.80075795,-0.00954674,0,0.01064872,0,-1.44546649,-1.18577075,-1.18577075,-1.18577075,-68.53741497,United Arab Emirates,0.76505833,0.759,0.75502593,0.785,0.7545,0.7925,0.8235,-1.44546649,0,Multi-Line Insurance,0.75,-0.01142723,-0.01142333,-0.02,0.7459511,0.78416556,Strong Sell,57.48135706,0.759,Sell,30.35072025,41.62466121,1.78394111,,0.7536,0.76615,0.7891,0.762285,8,6,23.39176123,22.24375247,6.66666667,4.44980419,6.66666667,0.76798604,0.76780617,0.00114286
DEWA,DUBAI ELECTRICITY,2.7,0,0,Strong Buy,1826691,4932065.7,130999994278,17.46442432,0.1546,Utilities,DFM,2.7,2.49,0.6527201,0,85.71428571,31328107.7,45.29518741,0.02176471,2.65955006,2.70444994,0.02337632,0.74626866,0.01061647,0.02,3.05343511,0,0,0,164.96250852,United Arab Emirates,2.6823162,2.7,2.70211111,2.675,2.69,2.65,2.645,3.05343511,0.74626866,Electric Utilities,2.7,0.01163361,0.01093252,0.02,2.66062055,2.70401186,Strong Buy,4.68059929,2.7,Buy,20.89948018,67.21020127,2.54470211,1.75428334,2.696,2.682,2.6552,2.61965,100,100,100,91.52549635,3.44827586,1.79304403,3.44827586,2.66643868,2.68497428,0.01071429
DEYAAR,DEYAAR DEVELOPMENT,0.681,-0.14662757,-0.001,Sell,698174,475456.494,2931811133,17.92105263,0.038,Finance,DFM,0.69,0.63,1.1499854,14.28571429,57.14285714,16600710.5,10.58114593,-0.00024118,0.67931366,0.68808634,-0.0054385,-0.43859649,0.00243574,-0.003,1.64179104,-0.14662757,-0.14662757,-0.14662757,-125.87412587,United Arab Emirates,0.68376907,0.681,0.68185185,0.684,0.684,0.68375,0.6775,1.64179104,-0.43859649,Real Estate Development,0.681,0.00004433,0.00042172,-0.003,0.67918072,0.68835741,Sell,28.08210135,0.681,Sell,20.86758725,44.39165278,1.71735285,4.33064873,0.6832,0.6837,0.68398,0.665305,49.20634921,33.33333333,16.43001658,35.13662067,2.67857143,2.04293778,2.97619048,0.68416456,0.68297053,0.00185714
DFM,DUBAI FINANCIAL,1.55,0.64935065,0.01,Strong Buy,2261837,3505847.35,11993644775,79.89690722,0.0194,Finance,DFM,1.55,1.4,1.7287518,21.42857143,92.85714286,13026552.2,19.33715161,0.01052941,1.51265702,1.54434298,0.03378434,1.30718954,0.00827028,0.02,3.33333333,0,0.64935065,0.64935065,260.16260163,United Arab Emirates,1.53020506,1.55,1.54448148,1.535,1.535,1.5175,1.505,3.33333333,1.30718954,Investment Banks/Brokers,1.55,0.00552742,0.00389173,0.03,1.51221452,1.5481956,Strong Buy,20.11103896,1.55,Buy,23.16106894,68.93335689,4.39031638,1.30975128,1.538,1.5285,1.5208,1.49775,81.48148148,88.88888889,100,88.35540648,4.02684564,2.04199155,4.02684564,1.52807262,1.53628362,0.005
DIB,DUBAI ISLAMIC BANK,5.51,-0.36166365,-0.02,Neutral,1017891,5608579.41,39532479070,7.66235572,0.7191,Finance,DFM,5.53,5.28,1.035294,0,85.71428571,5863849.1,15.89905706,0.00832353,5.4961477,5.5298523,-0.01371088,0,0.01198874,0,0.73126143,0,-0.36166365,-0.36166365,-30.50108932,United Arab Emirates,5.51414107,5.51,5.52633333,5.51,5.52,5.495,5.475,0.73126143,0,Major Banks,5.51,0.00528465,0.0050219,0,5.4896306,5.53865154,Sell,10.11697105,5.51,Neutral,10.50670042,49.01853133,4.41694048,1.96828845,5.522,5.513,5.5058,5.4663,92.59259259,77.77777778,66.66666667,80.81286409,1.65441176,0.99708782,1.65441176,5.5052353,5.51513653,0.01071429
DIC,DUBAI INVESTMENTS,2.39,1.70212766,0.04,Strong Buy,700000,1673000,9907205183,5.90706871,0.4046,Non-Energy Minerals,DFM,2.39,2.2,0.9500764,21.42857143,100,3805057.2,25.44853201,0.01844118,2.33043758,2.37856242,0.06180001,2.13675214,0.01047511,0.05,2.5751073,0,1.70212766,1.70212766,274.6615087,United Arab Emirates,2.35550428,2.39,2.36518519,2.365,2.365,2.335,2.33,2.5751073,2.13675214,Construction Materials,2.39,0.00680808,0.00501525,0.05,2.33149388,2.37951468,Strong Buy,26.75395754,2.39,Buy,58.81230806,65.01168502,12.59695154,,2.366,2.3545,2.3434,2.2992,58.33333333,50,46.49359538,50.13261946,3.01724138,1.47055538,3.01724138,2.35129563,2.36881427,0.005
DNIR,DUBAI NATL INSURAN,5.6,0,0,Sell,14371,80477.6,693000000,14.51153148,0.3859,Finance,DFM,5.6,5.6,-0.5374123,71.42857143,28.57142857,0,17.29042829,-1.21676471,4.40812293,7.85087707,-0.26874949,3.7037037,0.42924158,0.2,0,0,0,0,-45.11470381,United Arab Emirates,5.97521545,5.6,5.49677778,5.85,5.685,7.2,6.75,0,3.7037037,Multi-Line Insurance,5.6,-0.43918769,-0.40074936,-1.27,5.03588772,6.91454318,Sell,55.00359334,5.6,Sell,44.98201168,44.99665673,0.01216291,,5.32,6.1295,6.79,5.67015,34.81273116,42.05344585,76.69680489,71.40069366,0,0,0,5.6,6.8660484,0
DRC,DUBAI REFRESHMENTS,16.05,-0.31055901,-0.05,Sell,3500,56175,1449000034,14.72882445,1.0897,Consumer Non-Durables,DFM,19.5,16.05,-0.24184756,100,28.57142857,849,11.52959916,-0.43720588,15.81320065,19.24679935,-1.90763672,-0.31055901,0.6235467,-0.05,-0.31055901,-0.31055901,-0.31055901,-0.31055901,-157.46971736,United Arab Emirates,17.12703339,16.05,16.03333333,17.25,16.8,16.4,17.275,-0.31055901,-0.31055901,Beverages: Non-Alcoholic,16.05,-0.18175802,0.05747284,-3.45,15.91267159,18.3413952,Strong Sell,50.02712755,16.05,Neutral,39.2479586,43.20430424,0.86479541,,16.5,17.53,17.151,14.7359,8.82352941,8.82352941,13.51019217,11.90036037,0,0.58618657,0.31152648,16.05,16.85444593,0.11428571
DRIVE,Emirates Driving Company,25.92,0,0,Buy,718,18610.56,2343425070,9.65902739,2.6835,Consumer Services,ADX,26.52,25.5,0.28904682,85.71428571,7.14285714,10262.4,18.52646645,0.12505882,25.49863899,26.20536101,0.0696425,1.17096019,0.12417886,0.3,-0.68965517,0,0,0,37.59336781,United Arab Emirates,25.86852566,25.92,25.79162963,25.82,25.88,25.835,26.05,-0.68965517,-0.68965517,Other Consumer Services,25.92,0.01980405,0.01177938,0.14,25.59405576,26.14299556,Buy,47.20043183,25.92,Neutral,51.19822382,51.55864371,0.47609575,,25.892,25.852,25.9008,26.3343,37.70596958,38.46153846,24.62317847,22.7598115,1.17096019,0.63373631,1.8735363,25.8299,25.81278825,0.03285714
DU,EMIRATE INTEGRATED,5.31,0.18867925,0.01,Strong Buy,6110,32444.1,23933743373,18.82311237,0.2821,Communications,DFM,5.32,5.07,0.42216516,7.14285714,100,346149.9,7.10434331,0.01170588,5.28896061,5.30803939,0.02082331,0.37807183,0.0046579,0.02,0.56818182,0.18867925,0.18867925,0.18867925,259.68992248,United Arab Emirates,5.29729834,5.31,5.30351852,5.285,5.3,5.2775,5.285,0.56818182,0.37807183,Specialty Telecommunications,5.31,0.00413598,0.00359465,0.01,5.28899414,5.30560253,Strong Buy,31.12800432,5.31,Buy,47.15940889,63.77584746,0.30378966,,5.302,5.2985,5.2884,5.26875,100,100,83.71744125,78.28992167,0.95057034,0.94488019,0.95057034,5.292784,5.29801323,0.00142857
EAND,Emirates Telecom. Group Company (Etisalat Group) PJSC,22.36,0.53956835,0.12,Strong Buy,542160,12122697.6,194807284182,19.92337165,1.1223,Communications,ADX,23.299999,22.059999,1.4636712,28.57142857,100,2448423,23.29943099,0.00970588,22.21246361,22.31553639,0.18109188,0.53956835,0.03395572,0.12,-0.17857143,0.53956835,0.53956835,0.53956835,443.93592677,United Arab Emirates,22.2663834,22.36,22.27711111,22.28,22.29,22.26,22.32,-0.17857143,0.53956835,Major Telecommunications,22.36,0.00494125,-0.00048812,0.12,22.19195113,22.34081566,Strong Buy,18.83638686,22.36,Buy,29.57702323,67.52375963,15.46814417,1.23363972,22.268,22.264,22.2596,22.2948,63.88888889,75,56.44654513,34.86740159,1.08108108,1.06080158,1.08108108,22.30168867,22.30764717,0.02857143
EASYLEASE,Easy Lease Motorcycle Rental PJSC,32.98,0,0,Buy,1247,41126.06,1020000000,23.89335652,1.3803,Consumer Services,ADX,35,30.52,0.81674224,14.28571429,35.71428571,87528.9,14.4282762,0.20770588,30.98320624,34.67279376,0.24943916,0,0.51644737,0,-3,0,0,0,11.36281913,United Arab Emirates,32.78626605,32.98,32.06607407,32.99,33.02,32.09,32.62,-3,0,Movies/Entertainment,32.98,0.13459505,0.22841728,-1.02,31.59139263,33.98113947,Strong Buy,32.94231993,32.98,Sell,32.41624174,53.23980264,0.11583837,,32.304,32.828,32.392,32.638,17.54746343,33.05322129,24.03143599,12.29148094,7.4120603,4.42282399,7.4120603,33.27327286,32.91974815,0.32142857
EIBANK,EMIRATES INV BANK,107,0,0,Buy,20,2140,1070000000,7.77791508,13.7569,Finance,DFM,107,107,0.15159231,0,85.71428571,12,90.59585462,21.27988175,54.18541428,109.04313892,30.56108441,0,1.9473959,0,0,0,0,0,137.10841561,United Arab Emirates,87.37789545,107,109.94053118,89.1667,89.1667,79.536696,79.536696,0,0,Investment Banks/Brokers,107,7.32629304,3.53946386,35.66664,82.73637397,92.01941694,Strong Buy,6.84774015,107,Neutral,93.15225985,93.60748233,0.03128422,,101.5786888,81.6142766,80.04458814,79.66366903,99.99996262,99.99992523,99.99990873,99.99995437,0,0,0,107,93.85881827,0.01273814
EIC,Emirates Insurance Co.,7.3,-7.59493671,-0.6,Sell,576,4204.8,1185000014,12.12020588,0.6023,Finance,ADX,7.3,7.3,-0.15569355,0,7.14285714,31169.2,23.46323156,0.73441176,5.82088535,8.95011465,-0.69288191,-7.59493671,0.19460823,-0.6,-7.59493671,-7.59493671,-7.59493671,-7.59493671,-8.19672131,United Arab Emirates,7.5013039,7.3,7.69951852,7.1,7.645,6.9825,7.255,-7.59493671,-7.59493671,Property/Casualty Insurance,7.3,0.25807675,0.26415001,0.1,7.12059804,7.88200976,Neutral,51.92518945,7.3,Sell,48.06083698,48.07126726,0.31143552,,7.78,7.3855,7.1872,7.0876,80.21954236,61.67903525,36.07118663,55.24028796,0,0,8.21917808,7.3,7.20902585,0
EKTTITAB,EKTTITAB HOLDING C,0.287,0,0,Sell,672707,193066.909,81489104.60253817,,-0.00477728,Finance,DFM,0.365,0.108,,0,0,38228099.9,5.88781152,-0.00163235,0.28699998,0.28700002,-0.00036484,0,0.00170724,0,-9.74842767,0,0,0,-35.0877193,Kuwait,0.28795023,0.287,0.287,0.29,0.287,0.313,0.326,-9.74842767,0,Financial Conglomerates,0.287,-0.00186922,-0.00253642,0,0.28637012,0.28953033,Sell,21.44931448,0.287,Buy,21.99243285,41.72282505,4.86033633,,0.287,0.287,0.29446,0.24569,0,0,16.66666667,11.11111111,27.17770035,9.01590366,27.17770035,0.31772142,0.287,0
EMAAR,EMAAR PROPERTIES,6.64,0.60606061,0.04,Strong Buy,1370729,9101640.56,56656260956,7.21896064,0.9198,Finance,DFM,6.65,6.02,1.5218567,28.57142857,0,15131230.6,23.03416827,0.0155,6.60502274,6.65997726,0.0192241,0.60606061,0.02218461,0.04,3.58814353,0.60606061,0.60606061,0.60606061,55.33596838,United Arab Emirates,6.62757517,6.64,6.62596296,6.62,6.625,6.585,6.52,3.58814353,0.60606061,Real Estate Development,6.64,0.00702759,0.00971223,0.04,6.57980862,6.67534173,Strong Buy,28.1068448,6.64,Neutral,12.37786705,54.27726423,5.14007698,1.16923045,6.634,6.6325,6.605,6.53285,64.44444444,53.33333333,39.26322101,42.25802824,3.58255452,1.63839248,3.73831776,6.59618424,6.63477589,0.01928571
EMAARDEV,EMAAR DEVELOPMENT,6.3,0.8,0.05,Strong Buy,641900,4043970,23119998932,6.60308144,0.9541,Finance,DFM,6.3,5.3,1.3606373,0,100,4925922.5,45.43902905,0.07779412,6.07198429,6.24701571,0.2236944,2.43902439,0.0232802,0.15,8.99653979,0,0.8,0.8,338.87569279,United Arab Emirates,6.16472765,6.3,6.26177778,6.19,6.215,6.03,5.95,8.99653979,2.43902439,Real Estate Development,6.3,0.04593398,0.03758937,0.15,6.11645979,6.2129955,Strong Buy,8.25057522,6.3,Buy,58.19126133,84.68263372,1.79404458,3.61797461,6.22,6.1595,6.077,5.79445,98.14814815,100,100,97.80750508,9.56521739,1.71004408,9.56521739,6.08535406,6.17570611,0.01714286
EMIRATESNBD,EMIRATES NBD BANK,15.3,0.32786885,0.05,Buy,399649,6114629.7,93801492107,5.73915001,2.6659,Finance,DFM,15.3,13.7,1.09432,0,21.42857143,3195543,35.83720739,0.07044118,15.17875962,15.34124038,0.07028746,0.65789474,0.06244415,0.1,3.03030303,0.32786885,0.32786885,0.32786885,117.64705882,United Arab Emirates,15.2497159,15.3,15.27,15.2,15.275,15.075,15,3.03030303,0.65789474,Major Banks,15.3,0.03179918,0.03649046,0.1,15.12815086,15.37128094,Strong Buy,5.72723758,15.3,Neutral,10.67061174,57.32158986,9.03672131,1.17854228,15.28,15.26,15.161,14.96925,81.48148148,77.77777778,39.28017564,44.86463716,3.03030303,1.34783273,3.03030303,15.15116953,15.27007793,0.05357143
EMPOWER,EMIRATES CENTRAL C,1.87,1.08108108,0.02,Buy,2863612,5354954.44,18000000000,18.94630193,0.0987,Industrial Services,DFM,1.93,1.75,1.1211724,92.85714286,28.57142857,15453309.5,22.44570403,0.01229412,1.84887548,1.88112452,0.00906574,-0.53191489,0.00924925,-0.01,3.88888889,0,1.08108108,1.08108108,51.51515152,United Arab Emirates,1.8624831,1.87,1.86159259,1.86,1.86,1.8275,1.8,3.88888889,-0.53191489,Engineering & Construction,1.87,0.00648223,0.0085079,-0.01,1.84191675,1.88304945,Strong Buy,21.32054781,1.87,Neutral,16.26560542,58.823635,3.05160815,1.56185132,1.866,1.865,1.8448,1.8054,58.33333333,55.55555556,13.75806728,4.58602243,6.81818182,2.72954053,6.81818182,1.85246374,1.87027346,0.00785714
EMSTEEL,EMSTEEL BUILDING MATERIALS PJSC,1.42,-0.6993007,-0.01,Strong Sell,1500,2130,9726999706,16.49245064,0.0861,Non-Energy Minerals,ADX,1.51,1.42,1.2802593,50,0,3900144.3,10.12405098,-0.00370588,1.41822967,1.43977033,-0.01408653,0,0.00459493,0,0,-0.6993007,-0.6993007,-0.6993007,-166.66666667,United Arab Emirates,1.42781821,1.42,1.42833333,1.43,1.425,1.4275,1.435,0,0,Construction Materials,1.42,-0.00134821,-0.00085666,-0.01,1.41865016,1.43698625,Strong Sell,53.71766196,1.42,Sell,37.65366407,42.62950945,0.01898794,,1.426,1.429,1.4284,1.44505,50,50,65.14537213,62.83014397,1.4084507,1.4838111,1.4084507,1.42959548,1.42992607,0
ESG,ESG EMIRATES STALLIONS GROUP P.J.S.C,4.82,0,0,Buy,950,4579,1205000043,8.13090418,0.5928,Finance,ADX,5.15,4.31,0.58324194,14.28571429,0,2003096.5,8.13558853,-0.00988235,4.70390598,4.90609402,0.0341958,2.11864407,0.04923554,0.1,0,0,0,0,30.81232493,United Arab Emirates,4.80168446,4.82,4.78281481,4.765,4.78,4.7825,4.78,0,2.11864407,Financial Conglomerates,4.82,0.00304541,0.00446303,0.02,4.70379701,4.8995719,Strong Buy,38.71692051,4.82,Neutral,41.09627142,51.71783367,0.00502905,,4.796,4.805,4.7816,4.6613,65.77676074,71.92982456,69.0324685,60.88387323,4.08602151,2.88153871,4.08602151,4.79873613,4.80984784,0.01214286
ESHRAQ,ESHRAQ INVESTMENTS P.J.S.C,0.562,-0.35460993,-0.002,Strong Sell,1206230,677901.26,1559026061,1.85111989,0.3036,Finance,ADX,0.589,0.54,1.0659485,21.42857143,0,14383149.4,20.33118846,-0.0022,0.56025521,0.56984479,-0.00444925,-0.53097345,0.00209654,-0.003,0.35714286,0,-0.35460993,-0.35460993,-111.51079137,United Arab Emirates,0.56468571,0.562,0.56377407,0.568,0.5645,0.56525,0.564,0.35714286,-0.53097345,Real Estate Development,0.562,-0.00076856,-0.0005676,-0.003,0.56044206,0.56892937,Strong Sell,27.51648195,0.562,Sell,30.99120349,43.02060596,3.84001706,2.6264458,0.5642,0.56505,0.5656,0.56391,44.88536155,29.36507937,43.98400375,61.4039151,2.49554367,2.01740359,2.67379679,0.56818705,0.56515939,0.00092857
FAB,First Abu Dhabi Bank,13.76,1.02790015,0.14,Strong Buy,969802,13344475.52,150590412423,12.95790564,1.0619,Finance,ADX,13.82,12.78,1.7796932,14.28571429,100,6461770.7,21.75976165,0.04758824,13.5113933,13.6966067,0.26457758,1.47492625,0.03310146,0.2,0.8797654,0,1.02790015,1.02790015,371.77962743,United Arab Emirates,13.61717946,13.76,13.66814815,13.64,13.67,13.62,13.58,0.8797654,1.47492625,Investment Banks/Brokers,13.76,0.01791979,0.00462466,0.2,13.54638882,13.68797009,Strong Buy,22.16442494,13.76,Buy,45.91610102,71.96822536,32.85648947,0.54882938,13.652,13.604,13.6052,13.6132,87.03703704,88.88888889,88.08062255,86.09405964,1.92307692,1.33870718,1.92307692,13.65317937,13.68887363,0.02142857
FERTIGLB,Fertiglobe plc,3.42,0.29325513,0.01,Strong Buy,277128,947777.76,27560379641,7.51318102,0.4552,Process Industries,ADX,3.42,3.17,1.0528551,0,21.42857143,3682276.6,18.59723761,0.01820588,3.37918065,3.42881935,0.0223348,0,0.00747949,0,3.01204819,0,0.29325513,0.29325513,105.59006211,United Arab Emirates,3.40429377,3.42,3.41281481,3.395,3.41,3.37,3.345,3.01204819,0,Chemicals: Agricultural,3.42,0.0090137,0.00930943,0,3.38895837,3.41962918,Strong Buy,20.43428526,3.42,Buy,25.9234672,74.38466388,5.40141034,1.29276624,3.412,3.404,3.388,3.3151,73.14814815,77.77777778,37.12344595,27.04928547,2.7027027,1.49708953,3.003003,3.3865513,3.40872909,0.00714286
FNF,FOODCO NATIONAL FOODSTUFF PrJSC,1.9,0.52910053,0.01,Buy,1000,1900,531999993,,-0.0674,Distribution Services,ADX,1.9,1.44,-1.4416201,21.42857143,57.14285714,1633.3,21.05124928,0.06608824,1.39749507,2.15850493,0.16324507,0.52910053,0.05321181,0.01,-0.52631579,0.52910053,0.52910053,0.52910053,48.11605619,United Arab Emirates,1.80595552,1.9,1.934,1.71,1.68,1.8125,1.66,18.86792453,0.52910053,Food Distributors,1.9,0.02094003,-0.0062173,0.45,1.70586367,1.90604738,Buy,41.81144095,1.9,Buy,56.05610919,57.33853462,1.13791534,,1.898,1.778,1.798,2.41055,92.9809605,96.00738846,96.59959974,94.5442753,0,2.28637954,0.52910053,1.9,1.69516242,0.00071429
GCEM,Gulf Cement Co.,0.477,-3.44129555,-0.017,Sell,30000,14310,208558594,,-0.1146,Non-Energy Minerals,ADX,0.511,0.377,0.45905522,0,42.85714286,336371.1,10.69354433,-0.00352059,0.4588438,0.5088562,-0.0112292,0,0.0108426,0,-6.1023622,-3.44129555,-3.44129555,-3.44129555,-45.30181902,United Arab Emirates,0.48369937,0.477,0.48391481,0.4925,0.485,0.47775,0.4505,-6.1023622,0,Construction Materials,0.477,-0.00128506,-0.00097464,0.002,0.46186632,0.50553242,Sell,42.9839726,0.477,Sell,44.07529787,47.54049766,3.5925132,,0.484,0.48385,0.4856,0.428515,32.02614379,36.96078431,45.26947352,41.98678922,7.36842105,4.43815896,7.36842105,0.48335706,0.48406169,0.00121429
GFH,GFH FINANCIAL GRP,1.1,0,0,Strong Buy,1431912,1575103.2,3935234346.146772,11.37140684,0.09673385,Finance,DFM,1.13,0.932,1.2390924,0,92.85714286,28581411,35.28400351,0.008,1.0727335,1.0992665,0.01956005,0.91743119,0.00358529,0.01,3.77358491,0,0,0,182.79569892,Bahrain,1.08773654,1.1,1.09751852,1.09,1.09,1.08,1.075,3.77358491,0.91743119,Investment Banks/Brokers,1.1,0.00462306,0.00332997,0.02,1.08139803,1.09407504,Strong Buy,13.48686776,1.1,Buy,59.34622059,68.33408098,4.41956196,0.86409597,1.094,1.086,1.0794,1.0696,100,100,89.74384243,79.25088779,3.77358491,3.22668495,3.77358491,1.08862154,1.09001264,0.00214286
GFH.DH,GFH Financial Group B.S.C,1.08,0,0,Strong Buy,209396,226147.68,3935234346.146772,11.16465399,0.09673385,Finance,ADX,1.13,0.94,1.2390924,0,42.85714286,8822632.8,37.82788686,0.00841176,1.06435857,1.07864143,0.01463067,0.93457944,0.00290949,0.01,1.88679245,0,0,0,254.19664269,Bahrain,1.07089846,1.08,1.07674074,1.07,1.075,1.055,1.06,1.88679245,0.93457944,Investment Banks/Brokers,1.08,0.00338132,0.00299422,0.01,1.06583954,1.07595738,Strong Buy,12.94533748,1.08,Neutral,57.93278859,66.92066811,1.8046541,,1.074,1.0715,1.0636,1.05695,33.33333333,66.66666667,47.88959847,23.94479924,1.88679245,3.093035,1.88679245,1.07216685,1.07323767,0.00071429
GHITHA,GHITHA HOLDING P.J.S.C.,41.48,0.82644628,0.34,Buy,105,4355.4,9929759882,,,Distribution Services,ADX,42,38,1.4398537,78.57142857,35.71428571,94274.7,21.2479826,-0.05035294,41.04607694,41.51392306,0.44381158,0.43583535,0.14964675,0.18,0.92457912,0.82644628,0.82644628,0.82644628,176.91857059,United Arab Emirates,41.2518441,41.48,41.21940741,41.45,41.32,41.325,40.33,0.92457912,0.43583535,Food Distributors,41.48,0.03281516,0.05251767,0.18,40.97121739,41.53247082,Strong Buy,19.37800203,41.48,Neutral,42.95131591,58.55237442,0.23961661,,41.22,41.28,41.1608,39.5151,8.21256039,24.63768116,28.8995042,9.63316807,2.14111922,2.66099733,2.14112409,41.32563083,41.27762136,0.05571429
GMPC,Gulf Medical Projects Company,1.93,0,0,Buy,3382,6527.26,1348908192,36.83206107,0.0524,Health Services,ADX,1.93,1.62,-0.3619861,85.71428571,92.85714286,6611.5,8.8710898,-0.03632353,1.64758382,2.00541618,0.19597034,14.88095238,0.07910186,0.25,14.88095238,0,0,0,94.93284493,United Arab Emirates,1.83476558,1.93,1.82925926,1.805,1.805,1.9325,1.95,7.82122905,14.88095238,Hospital/Nursing Management,1.93,-0.00702631,-0.01623369,0.05,1.67939761,1.99013355,Strong Buy,45.60645213,1.93,Neutral,52.05142854,54.3748205,0.84713073,,1.82,1.8265,1.8566,1.96155,42.22222222,66.66666667,66.66666667,44.96293766,5.46448087,5.94432922,13.66120219,1.9004267,1.80867679,0.00714286
GULFNAV,GULF NAVIGATION HO,5.62,1.07913669,0.06,Strong Buy,219145,1231594.9,3590226400,425.75757576,0.0132,Transportation,DFM,6,4,0.7129471,7.14285714,7.14285714,4739278.1,30.15562213,-0.00497059,5.51133061,5.62366939,0.09627848,0.71684588,0.03454865,0.04,-0.17761989,1.07913669,1.07913669,1.07913669,271.57360406,United Arab Emirates,5.57267287,5.62,5.57574074,5.58,5.58,5.5975,5.605,-0.17761989,0.71684588,Marine Shipping,5.62,-0.0024702,-0.0063327,0.07,5.50487166,5.64047407,Strong Buy,15.66853674,5.62,Buy,34.21638392,57.51411001,3.96199364,0.88736759,5.568,5.5675,5.5844,5.54015,36.2962963,46.66666667,41.34316242,31.89444779,3.09090909,5.37347351,3.09090909,5.59091199,5.59071031,0.02857143
HAYAH,Hayah Insurance Company P.J.S.C,1.51,16.15384615,0.21,Strong Buy,172492,260462.92,263999986.99999997,133.62831858,0.0113,Finance,ADX,1.51,0.734,-0.82686543,0,92.85714286,838340.2,25.00525643,0.13408824,1.15867178,1.49032822,0.26763493,17.05426357,0.06114376,0.22,14.39393939,0,16.15384615,16.15384615,185.80340583,United Arab Emirates,1.35313764,1.51,1.46292593,1.38,1.4,1.295,1.305,14.39393939,17.05426357,Multi-Line Insurance,1.51,0.03904767,0.02060056,0.22,1.20500306,1.50127221,Strong Buy,26.5153888,1.51,Buy,21.27997492,62.86788296,1.10503934,,1.432,1.3245,1.3154,1.24829,76.4957265,73.07692308,55.14646199,72.31864508,20.8,10.69066675,20.8,1.38739873,1.39013744,0.04857143
IHC,International Holding Company PJSC,395,-0.02531005,-0.1,Sell,1015,400925,864254775391,55.49935368,7.1172,Health Services,ADX,400,394,0.56951123,71.42857143,64.28571429,557160.9,23.34048253,-0.01029412,394.93675446,395.06324554,-0.01088213,0,0.06605872,0,0.25380711,-0.02531005,-0.02531005,-0.02531005,-8.65800866,United Arab Emirates,395.00704967,395,395.04037037,395,395,394.95,395.45,0.25380711,0,Medical/Nursing Services,395,-0.00940481,-0.01871311,0,394.89008241,395.12401693,Strong Sell,22.67308848,395,Neutral,47.99683114,48.74363574,1.40542786,,395,395,395.002,395.2885,55.55555556,66.66666667,84.29472504,83.65379724,0.05064573,0.16157341,0.27855153,395.0198915,395.00036106,0.02142857
INVICTUS,Invictus Investment Company PLC,2.77,0,0,Sell,1000,2770,3102400000,8.88675008,0.3117,Distribution Services,ADX,2.92,2.66,0.57803893,21.42857143,71.42857143,2894093.8,9.34947701,-0.00752941,2.75347389,2.82052611,-0.03387611,-2.12014134,0.01341143,-0.06,0,0,0,0,-90.27777778,United Arab Emirates,2.78749314,2.77,2.76337037,2.8,2.8,2.78,2.755,0,0,Wholesale Distributors,2.77,0.00034761,0.00415033,-0.04,2.76302072,2.81196557,Strong Sell,52.956669,2.77,Sell,41.89457821,45.38606816,0.00341543,,2.784,2.787,2.7784,2.78075,14.81481481,0,0,11.70247576,2.16606498,1.9487867,2.16606498,2.79940801,2.7926519,0.00214286
ITHMR,ITHMAAR HOLDING,0.28,0.35842294,0.001,Sell,966300,270564,856401574.3976458,,-0.04855083,Finance,DFM,0.329,0.145,-1.559852,7.14285714,71.42857143,121373419.9,18.27408225,-0.00026765,0.27694405,0.28325595,-0.00008868,0.35842294,0.0020363,0.001,-9.67741935,0,0.35842294,0.35842294,0,Bahrain,0.28045238,0.28,0.27948148,0.2815,0.281,0.288,0.2995,-9.67741935,0.35842294,Major Banks,0.28,-0.00110044,-0.00147643,0.001,0.27677381,0.28413095,Sell,20.3899426,0.28,Neutral,33.16688719,46.09327343,0.99687413,0.8951264,0.2802,0.2801,0.28242,0.30616,18.33333333,8.33333333,22.88689,37.31698974,13.26164875,8.8740164,13.26164875,0.28715172,0.28019717,0.00092857
KICO,AL KHALEEJ Investment,0.9,0,0,Sell,4376,3938.4,94499997,10.50175029,0.0857,Finance,ADX,0.96,0.9,-0.17514455,85.71428571,7.14285714,15461.4,13.23539728,-0.03842647,0.88686669,1.02643331,-0.07187151,0,0.02203191,0,0,0,0,0,-130.72669826,United Arab Emirates,0.95037261,0.9,0.88944444,0.9465,0.935,0.9855,1.013,-6.25,0,Real Estate Development,0.9,-0.03000642,-0.0274242,-0.08,0.9176607,0.98308451,Strong Sell,60.52876283,0.9,Neutral,39.38868039,38.23689882,0.41417822,,0.912,0.95665,1.02938,,4.48933782,0,0,0,1.11111111,0.74074074,0,0.9,0.96562921,0.00071429
MANAZEL,Manazel PJSC,0.382,-0.77922078,-0.003,Strong Sell,203106,77586.492,985400021,,-0.0588,Finance,ADX,0.395,0.355,0.7057316,100,0,3746295.2,19.21850182,0.00112353,0.38356697,0.38723303,-0.00583125,-1.03626943,0.00077506,-0.004,0.79155673,-0.77922078,-0.77922078,-0.77922078,-374.42922374,United Arab Emirates,0.38476521,0.382,0.38404074,0.3825,0.384,0.38275,0.384,0.79155673,-1.03626943,Real Estate Development,0.382,0.00034725,0.00073575,-0.004,0.3833174,0.38621303,Strong Sell,57.08264894,0.382,Sell,27.5447203,36.23747547,0.95116736,,0.3848,0.3854,0.38324,0.381405,33.33333333,0,0,17.49005296,2.11640212,2.0490307,2.11640212,0.3836562,0.38530796,0.00014286
MAZAYA,AL MAZAYA HOLDING,1.02,0,0,Strong Sell,8000,8160,342335164.8464227,,-0.23766984,Finance,DFM,1.02,1.02,,85.71428571,0,0,26.63765524,-0.24303529,0.84117555,1.42892445,-0.08107636,0,0.05850369,0,0,0,0,0,-60.93505477,Kuwait,1.1094974,1.02,0.95765926,1.1355,1.0255,1.355,1.355,0,0,Real Estate Development,1.02,-0.0899347,-0.08204755,-0.15,0.97821446,1.24078034,Strong Sell,56.84279828,1.02,Sell,41.11441592,41.52743533,2.36686391,,0.9842,1.13505,1.27482,1.388055,13.69233995,27.38990226,68.7900213,55.76513005,0,0,0,1.02,1.34007122,0
MULTIPLY,Multiply Group PJSC,3.25,0.30864198,0.01,Strong Buy,1650035,5362613.75,35392000961,2.01126307,1.6159,Commercial Services,ADX,3.35,3.05,2.2795138,28.57142857,0,25245286.5,33.2111222,0.01855882,3.20263932,3.24736068,0.04249738,0.93167702,0.01169285,0.03,2.84810127,0,0.30864198,0.30864198,231.88405797,United Arab Emirates,3.22370077,3.25,3.23892593,3.22,3.23,3.1875,3.17,2.84810127,0.93167702,Miscellaneous Commercial Services,3.25,0.00989355,0.0091754,0.03,3.19940813,3.24799342,Strong Buy,12.96329712,3.25,Buy,27.65555298,70.34167574,12.18308949,1.07765808,3.232,3.225,3.2038,3.16635,52.77777778,75,67.0708854,37.60533973,2.84810127,2.21153391,2.84810127,3.19745269,3.23286074,0.00928571
NBQ,National Bank of Umm Al Qaiwain,1.6,-5.88235294,-0.1,Strong Sell,1000,1600,3099999905,7.66283525,0.2088,Finance,ADX,1.7,1.54,-0.22162251,14.28571429,0,171031.2,7.94417183,0.00617647,1.53426696,1.77373304,-0.09912672,-5.88235294,0.05228834,-0.1,3.22580645,-5.88235294,-5.88235294,-5.88235294,-71.76826632,United Arab Emirates,1.64779371,1.6,1.64488889,1.625,1.625,1.5975,1.635,3.22580645,3.22580645,Regional Banks,1.6,0.00256128,0.00363464,-0.09,1.53982704,1.75576038,Strong Sell,52.94635394,1.6,Sell,39.02092529,46.48374715,0.04211945,,1.64,1.654,1.6402,1.6423926,64.95098039,75.24509804,74.14888907,61.71763868,6.25,3.51199204,9.375,1.60196078,1.57442268,0.00571429
NCTH,National Corporation for Tourism & Hotels,2.9,-0.68493151,-0.02,Strong Sell,62010,179829,2643136853,38.97849462,0.0744,Consumer Services,ADX,3.2,2.9,-0.366771,57.14285714,28.57142857,201625.2,32.78125239,-0.07182353,2.881,3.005,-0.05574996,0,0.01632209,0,-1.36054422,-0.68493151,-0.68493151,-0.68493151,-119.23411662,United Arab Emirates,2.94200872,2.9,2.90407407,2.965,2.94,3.0275,3.055,-1.36054422,0,Restaurants,2.9,-0.02622982,-0.02360727,-0.08,2.90836369,2.97565374,Strong Sell,59.83762293,2.9,Sell,22.75613029,36.838721,1.90992168,,2.906,2.943,2.9922,3.00555,9.72222222,12.5,47.15438293,41.37329154,2.75862069,2.17738915,2.75862069,2.92394568,2.92886982,0.00714286
NIH,NATL INTERNATIONAL,1.45,2.11267606,0.03,Strong Buy,56102,81347.9,322264635.43718964,20.2346525,0.07165925,Finance,DFM,1.46,1.28,,7.14285714,78.57142857,139991.8,8.22872712,0.03652941,1.31309556,1.49090444,0.0578207,2.11267606,0.03210337,0.03,-0.68493151,2.11267606,2.11267606,2.11267606,104.16666667,Kuwait,1.41400858,1.45,1.45225926,1.37,1.425,1.4125,1.415,-0.68493151,-0.68493151,Financial Conglomerates,1.45,0.01149249,0.00395753,0.09,1.35017187,1.47784528,Strong Buy,32.81389166,1.45,Buy,48.76466944,55.15666818,0.50297651,,1.444,1.402,1.4082,1.4386,94.44444444,90.74074074,86.82699199,92.17235356,2.11267606,1.7548896,2.81690141,1.435,1.41520593,0.00857143
NMDC,National Marine Dredging Co.,19.9,0,0,Buy,125,2487.5,16104000378,10.65481608,1.8677,Industrial Services,ADX,20.299999,17.92,0.6857816,21.42857143,57.14285714,1509692.3,22.13265576,0.12270588,19.72347709,19.97452291,0.0550658,0.20140987,0.04511696,0.04,1.94672131,0,0,0,63.79155436,United Arab Emirates,19.84946963,19.9,19.90281481,19.9,19.9,19.58,19.73,1.94672131,0.20140987,Engineering & Construction,19.9,0.04579549,0.0471001,0.2,19.77420647,19.9247328,Strong Buy,28.28089312,19.9,Sell,57.21773091,58.36352042,0.0709824,,19.9,19.849,19.7244,19.2127,76.92307692,76.92307692,100,100,4.02892562,2.24443603,4.02892562,19.66563755,19.83108591,0.02571429
OEIHC,Oman & Emirates Investment Holding Co,0.322,0,0,Strong Sell,34788,11201.736,87199914.93470664,2.48270994,0.12969699,Finance,ADX,0.33,0.32,1.3392093,85.71428571,0,4389.2,32.16674481,-0.03968824,0.30679379,0.40180621,-0.03301856,0,0.00552661,0,0,0,0,0,-92.57120862,Oman,0.34671541,0.323,0.31828148,0.36,0.345,0.3755,0.362,0,0,Financial Conglomerates,0.322,-0.01303355,-0.00845056,-0.048,0.3353133,0.35811751,Strong Sell,69.14339237,0.323,Sell,29.985065,29.32633343,45.17922078,,0.3248,0.3543,0.36246,0.53512,1.16959064,2.33918129,18.26920852,19.9333794,0.31055901,0.85888975,0.31055901,0.32233333,0.34540081,0.00035714
OIC,OMAN INSURANCE CO,3.55,1.42857143,0.05,Buy,121871,432642.05,1778207662,7.29402096,0.4867,Finance,DFM,3.55,3.55,0.18358319,14.28571429,0,0,40.15214744,0.16294118,3.35798463,3.66701537,0.10422455,1.42857143,0.03499469,0.05,0,1.42857143,1.42857143,1.42857143,50,United Arab Emirates,3.44609076,3.55,3.515,3.515,3.525,2.8525,2.615,0,1.42857143,Multi-Line Insurance,3.55,0.1200281,0.15774769,0.05,3.39114049,3.50104103,Strong Buy,30.29779173,3.55,Neutral,69.70161269,69.70180044,3.69306061,,3.51,3.5125,3.0394,2.05765,17.06349206,8.33333333,7.54042397,2.51347466,0,0,0,3.55,3.57001131,0
PALMS,PALMS SPORTS PrJSC,9.97,-0.2002002,-0.02,Buy,60000,598200,1480499983,12.28437654,0.8116,Consumer Services,ADX,9.99,9.05,0.47103646,85.71428571,92.85714286,271537.5,13.87771391,0.17761765,9.27856089,10.16943911,0.3398137,6.63101604,0.13794006,0.62,1.01317123,-0.2002002,-0.2002002,-0.2002002,88.68772926,United Arab Emirates,9.75720581,9.97,9.75577778,9.615,9.67,9.4775,9.45,1.01317123,1.01317123,Movies/Entertainment,9.97,0.07723351,0.06985868,0.09,9.45797872,10.0564329,Strong Buy,41.87961379,9.97,Neutral,55.79275006,56.97664147,3.05174229,,9.812,9.724,9.6346,9.73475,61.48737223,65.625,55.36852529,50.39725986,6.84491979,2.72990641,6.84491979,9.81521848,9.69052633,0.01571429
PRESIGHT,Presight AI Holding PLC,3.25,0,0,Neutral,9011,29285.75,18284300000,,,Technology Services,ADX,3.4,3.22,0.6137409,64.28571429,0,4307310,17.18947024,-0.00626471,3.21719649,3.26280351,0.01733676,0.30864198,0.01292963,0.01,-0.30674847,0,0,0,77.66990291,United Arab Emirates,3.24271223,3.25,3.25562963,3.245,3.24,3.255,3.275,-0.30674847,0.30864198,Packaged Software,3.25,-0.00346814,-0.00647732,0.01,3.21591846,3.269506,Buy,18.57889613,3.25,Neutral,35.99692426,52.33325412,0.19967028,,3.244,3.24,3.2544,3.2882,66.66666667,83.33333333,84.74316929,76.53501529,1.86335404,1.52327519,1.86335404,3.25733251,3.23900632,0.01214286
QHOLDING,Q Holding PSC,2.3,-0.43290043,-0.01,Strong Sell,252540,580842,16179214841,,,Finance,ADX,2.51,2.27,0.7639278,42.85714286,0,8227253.3,47.53627239,-0.02897059,2.28756951,2.35943049,-0.02850578,-0.86206897,0.01281895,-0.02,-2.54237288,0,-0.43290043,-0.43290043,-100.49539986,United Arab Emirates,2.32144483,2.3,2.30477778,2.32,2.305,2.3675,2.37,-2.54237288,-0.86206897,Financial Conglomerates,2.3,-0.01368835,-0.0132829,-0.02,2.29327595,2.34961372,Strong Sell,33.03681421,2.3,Sell,9.86282701,35.67445495,0.39926282,2.25702917,2.306,2.3235,2.351,2.3741,42.59259259,44.44444444,88.80532772,85.19498154,4.8245614,2.54564099,4.8245614,2.33554799,2.31476538,0.01571429
RAKBANK,The National Bank of Ras Al Khaimah,4.5,0,0,Sell,1111,4999.5,9051725281,6.45994832,0.6966,Finance,ADX,5.16,4.166665,-0.04738013,0,14.28571429,194186.9,9.27402649,-0.09112735,4.24005421,5.00094579,-0.1699028,0,0.11317717,0,0,0,0,0,-58.97294313,United Arab Emirates,4.59623567,4.5,4.45051852,4.745,4.725,4.47833275,4.5208315,0,0,Regional Banks,4.5,-0.01223112,0.02199663,-0.46,4.38062921,4.81184213,Sell,52.47139378,4.5,Sell,45.85279697,46.85249639,0.23624726,,4.5,4.6205,4.55176606,4.37785695,0,0,0,0,13.33333333,4.50426231,13.33333333,4.52446909,4.52422224,0.00571429
RAKCEC,RAK Ceramics PJSC,2.71,0,0,Buy,19055,51639.05,2663126568,8.42399751,0.3217,Producer Manufacturing,ADX,2.77,2.61,0.234104,0,50,955363.3,20.52829961,0.01132353,2.68262539,2.72237461,0.00559523,0,0.002901,0,1.11940299,0,0,0,67.54772394,United Arab Emirates,2.70484311,2.71,2.70959259,2.7,2.71,2.7,2.72,1.11940299,0,Building Products,2.71,0.00404984,0.00333119,0.01,2.69994907,2.70973715,Strong Buy,36.59712562,2.71,Neutral,58.10676222,58.79337056,1.15063646,,2.71,2.7025,2.698,2.6827,51.85185185,50,27.79719384,30.34175996,1.11524164,0.89731817,1.48698885,2.70197232,2.69792648,0.00071429
RAKPROP,RAK Properties,0.98,0,0,Buy,980773,961157.54,1776000023,63.63636364,0.0154,Finance,ADX,0.99,0.701,0.0800086,0,35.71428571,18381851.7,24.47287243,0.01194706,0.95107865,0.99232135,0.00750752,-0.20366599,0.00494736,-0.002,10.36036036,0,0,0,61.46572104,United Arab Emirates,0.9732554,0.98,0.97865926,0.9715,0.9785,0.96325,0.925,10.36036036,-0.20366599,Real Estate Development,0.98,0.00600517,0.00611161,-0.002,0.96318275,0.98332805,Strong Buy,21.55113928,0.98,Neutral,31.84206028,60.41398195,1.15009964,,0.9788,0.9717,0.96616,0.88256,66.00471439,65.17323775,24.54476138,29.88019713,10,2.99979348,11.33333333,0.96658579,0.97707572,0.00521429
RAPCO,RAPCO Investment PJSC,1.84,0,0,Neutral,1357,2496.88,178675201,,-0.0294,Process Industries,ADX,1.93,1.65,0.44611543,50,7.14285714,2872.3,7.3908029,-0.058,1.71606561,1.97893439,-0.05954043,-0.54054054,0.0769255,-0.01,-2.12765957,5.14285714,0,5.74712644,-43.9604759,United Arab Emirates,1.83269,1.84,1.81055556,1.825,1.805,1.7775,1.825,-2.12765957,-0.54054054,Agricultural Commodities/Milling,1.75,-0.01330119,-0.00946287,-0.05,1.66202948,2.00335052,Buy,53.89257958,1.75,Neutral,44.3759631,50.16114673,2.0626235,,1.8,1.8475,1.8384,1.9728,36.50793651,41.26984127,52.24496538,48.86832373,9.88372093,2.59766631,9.88372093,1.77804404,1.83665784,0.00714286
SALAM,AL SALAM BANK,1.44,1.4084507,0.02,Buy,1000,1440,3682744753.253633,10.26776947,0.14024468,Finance,DFM,1.47,1.36,-0.05208429,78.57142857,14.28571429,357364.1,11.59686735,-0.01417647,1.414,1.47,0.00951877,1.4084507,0.00788565,0.02,-0.68965517,1.4084507,1.4084507,1.4084507,-12.20657277,Bahrain,1.43767111,1.44,1.4202963,1.445,1.435,1.44,1.44,-0.68965517,1.4084507,Regional Banks,1.44,-0.00373085,-0.00112164,-0.01,1.42238976,1.45295245,Strong Buy,48.91497218,1.44,Neutral,49.53927785,50.74807154,0.0222874,,1.426,1.442,1.4368,1.39715,5.55555556,16.66666667,22.87361603,7.62453868,1.4084507,1.64955045,2.11267606,1.42380679,1.43921338,0.00071429
SALAMA,ISLAMIC ARAB INSUR,0.687,0,0,Sell,108500,74539.5,641627221,29.48497854,0.0233,Finance,DFM,0.718,0.655,0.0076387,42.85714286,21.42857143,1536752.8,9.83851875,-0.00395882,0.67612726,0.70517274,-0.00536682,0.2919708,0.00866483,0.002,-1.7167382,0,0,0,-41.18773946,United Arab Emirates,0.69072246,0.687,0.6876,0.6875,0.689,0.68575,0.688,-1.7167382,0.2919708,Multi-Line Insurance,0.687,-0.00212874,-0.0020729,-0.012,0.67519623,0.70624868,Strong Sell,46.90614609,0.687,Neutral,40.448533,47.79511651,7.56535139,,0.6886,0.69065,0.69646,0.690735,35.74074074,27.77777778,32.81747849,44.09720859,4,2.37569875,4,0.6902957,0.69190685,0.002
SALIK,SALIK COMPANY P.J.,3.16,0.63694268,0.02,Neutral,251991,796291.56,23625000715,,,Consumer Durables,DFM,3.5,2.92,0.49464354,85.71428571,0,6387460.2,31.2586376,-0.01620588,3.14603208,3.18496792,0.00005596,0,0.0127705,0,0.31746032,0,0.63694268,0.63694268,-62.67806268,United Arab Emirates,3.16329991,3.16,3.14437037,3.17,3.155,3.18,3.165,0.31746032,0,Homebuilding,3.16,-0.00543682,-0.00318885,0,3.13730338,3.18929644,Buy,17.65340682,3.16,Neutral,4.35352508,46.89367571,1.28328316,1.39138976,3.152,3.1655,3.1688,3.14655,15.74074074,30.55555556,30.06849639,10.32111572,2.55591054,2.26832668,2.55591054,3.1660867,3.16165761,0.00928571
SHUAA,SHUAA CAPITAL,0.38,0,0,Sell,10217,3882.46,960844832,,-0.0464,Finance,DFM,0.417,0.376,0.21017222,21.42857143,0,4157295.5,8.83045816,0.00004412,0.37917762,0.38132238,-0.00020125,0,0.0006247,0,0,0,0,0,-43.42273308,United Arab Emirates,0.38006007,0.38,0.37998148,0.382,0.38,0.378,0.381,0,0,Investment Managers,0.38,0.00011463,0.00023161,-0.001,0.37912616,0.38099399,Sell,43.19640792,0.38,Neutral,40.10085717,50.20685211,0.25968051,,0.38,0.38025,0.37916,0.382695,50,50,42.59222622,42.54682155,2.65957447,2.20821643,2.65957447,0.38116557,0.38032448,0.00007143
SIB,Sharjah Islamic Bank,2.15,0.46728972,0.01,Buy,91725,197208.75,6730209441,9.9814299,0.2154,Finance,ADX,2.17,2.03,0.3133189,35.71428571,0,1112490.6,29.40578801,0.00223529,2.13464584,2.17735416,0.00083593,-0.46296296,0.00718114,-0.01,3.36538462,0.46728972,0.46728972,0.46728972,-46.875,United Arab Emirates,2.14861011,2.15,2.14666667,2.15,2.15,2.1125,2.1,3.36538462,-0.46296296,Major Banks,2.15,0.00323138,0.00614531,-0.01,2.1338417,2.16337852,Strong Buy,38.76155364,2.15,Sell,24.03617267,52.71963443,2.13759867,,2.148,2.156,2.131,2.09925,44.44444444,41.66666667,13.46028616,15.18661548,3.8277512,1.58859491,4.3062201,2.13630523,2.15388693,0.00714286
TAALEEM,TAALEEM HOLDINGS P,4,1.01010101,0.04,Buy,255329,1021316,3030000000,,,Consumer Services,DFM,4.1,3.27,1.7045429,0,50,7941008,16.80199305,-0.00235294,3.95663123,4.01936877,0.02353429,0,0.01729405,0,-0.99009901,1.01010101,1.01010101,1.01010101,64.23611111,United Arab Emirates,3.98851403,4,3.97707407,3.98,3.985,4.0125,4.025,-0.99009901,0,Other Consumer Services,4,-0.00041829,0.00051884,0,3.95078396,4.02624409,Strong Buy,36.37503387,4,Neutral,34.87160849,53.3403398,1.52777811,1.14269907,3.984,3.988,3.9918,3.9079,53.33333333,48.88888889,32.11814183,34.28487201,3.79746835,3.17191333,3.79746835,4.00318816,3.9871023,0.00642857
TABREED,NCC (TABREED),2.87,-1.03448276,-0.03,Sell,23904,68604.48,8109022068,10.90425532,0.2632,Utilities,DFM,2.95,2.81,1.0482247,0,7.14285714,232327.1,21.20919476,0.00332353,2.862,2.91,-0.02744325,-0.69204152,0.01158142,-0.02,0.70175439,0,-1.03448276,-1.03448276,-116.2514828,United Arab Emirates,2.88248268,2.87,2.88325926,2.88,2.885,2.8725,2.87,0.70175439,-0.69204152,Water Utilities,2.87,0.00277187,0.0041029,-0.01,2.85970427,2.90526108,Strong Sell,31.60201205,2.87,Sell,43.16901168,46.00124582,2.90707432,,2.884,2.886,2.8726,2.87085,58.33333333,50,45.19806863,49.75943836,1.75438596,1.73511965,1.75438596,2.88446221,2.88488032,0.00428571
TAKAFUL_EM,TAKAFUL EMARAT,1.01,0,0,Buy,2311,2334.11,151499999,61.58536585,0.0164,Finance,DFM,1.01,0.561,0.357171,14.28571429,7.14285714,226730.8,49.88620818,0.06966176,0.89592174,1.07217826,0.0243073,0,0.00851188,0,0,0,0,0,51.38211382,United Arab Emirates,0.98092417,1.01,1.01037037,0.945,1.005,0.846,0.8275,0,0,Multi-Line Insurance,1.01,0.03357552,0.03707713,0,0.96673178,0.99511655,Strong Buy,19.9221232,1.01,Neutral,62.05984748,73.19844798,0.05633672,,1.01,0.98405,0.8981,0.726175,100,100,15.64351367,16.7428368,0,3.63521433,0,0.99754905,0.98920619,0.00207143
TAQA,Abu Dhabi National Energy Company,3.3,-0.3021148,-0.01,Buy,112826,372325.8,396892899283,21.04591837,0.1568,Utilities,ADX,3.53,2.94,2.08966,0,71.42857143,13025639.4,9.67960697,0.00438235,3.27070551,3.31429449,0.00218863,0.30395137,0.00926478,0.01,-6.51558074,-0.3021148,-0.3021148,-0.3021148,60.60606061,United Arab Emirates,3.29743489,3.3,3.30492593,3.29,3.3,3.355,3.37,-6.51558074,0.30395137,Electric Utilities,3.3,0.00244182,0.00074587,0,3.28011891,3.31475086,Buy,32.87095568,3.3,Neutral,36.61709286,51.62114486,3.89165212,0.48861628,3.304,3.2925,3.3004,3.27995,82.40740741,80.55555556,74.23013035,78.42204422,3.97553517,2.49996127,7.95107034,3.31149769,3.29338207,0.00357143
TECOM,TECOM GROUP PJSC,2.52,0.39840637,0.01,Strong Buy,55555,139998.6,12250000238,15.93927894,0.1581,Finance,DFM,2.52,2.38,0.42102697,92.85714286,100,1037935,20.19032876,0.01120588,2.46678159,2.51621841,0.04208918,0.8,0.01259354,0.02,2.85714286,0.39840637,0.39840637,0.39840637,236.13829093,United Arab Emirates,2.49559394,2.52,2.50737037,2.495,2.495,2.485,2.485,2.85714286,0.8,Financial Conglomerates,2.52,0.00581942,0.0032045,0.02,2.46907651,2.52211138,Strong Buy,34.00527604,2.52,Buy,18.17794244,62.55787982,1.79216615,,2.504,2.4915,2.489,2.4722,88.88888889,88.88888889,75.77184334,72.53567132,2.0242915,1.44940723,2.8340081,2.49371363,2.49470629,0.01142857
TKFL,Abu Dhabi National Takaful Co.,6.7,0,0,Buy,213,1427.1,703499980,39.48143783,0.1697,Finance,ADX,6.7,5.75,-0.48015466,14.28571429,71.42857143,8578.1,32.88934542,0.62147059,6.18967415,6.86132585,0.23897135,0,0.07503201,0,0,0,0,0,101.00143062,United Arab Emirates,6.4552943,6.7,6.73111111,6.19,6.6,5.325,5.3,5.51181102,0,Multi-Line Insurance,6.7,0.24363144,0.26044818,0.15,6.34261705,6.56797156,Strong Buy,25.464697,6.7,Sell,66.26841102,68.62894669,0.12935746,,6.7,6.5255,5.9122,5.74291447,100,100,64.3691866,64.3691866,0.37593985,3.74345716,0,6.7,6.42283291,0.01428571
UAB,United Arab Bank,1.17,2.63157895,0.03,Buy,27000,31590,2392558554,,0.0868,Finance,ADX,1.39,1.02,-0.10062366,64.28571429,7.14285714,453637.8,21.31587692,-0.10244118,1.06063334,1.25736666,0.03693633,6.36363636,0.02823505,0.07,0.86206897,2.63157895,2.63157895,3.53982301,15.22070015,United Arab Emirates,1.16926474,1.17,1.13718519,1.22,1.13,1.3025,1.195,0.86206897,0.86206897,Regional Banks,1.17,-0.03246734,-0.03421585,0.01,1.11271172,1.22581775,Buy,41.825255,1.17,Buy,39.0994581,48.05106914,0.07962096,,1.128,1.159,1.2346,1.13375,22.91666667,35.41666667,72.77361653,61.4095867,7.33944954,5.44445934,7.33944954,1.12423891,1.15715203,0.01142857
UNION,Union Insurance Company,0.594,0,0,Buy,9421,5596.074,196577848,12.375,0.048,Finance,ADX,0.594,0.405,0.04388855,42.85714286,92.85714286,12782.1,13.90061134,0.00875294,0.40566399,0.58363601,0.15515674,0,0.0340869,0,14.89361702,0,0,0,203.45057083,United Arab Emirates,0.51516826,0.594,0.54844815,0.5185,0.4995,0.583,0.61,18.8,0,Multi-Line Insurance,0.594,-0.00189612,-0.01768936,0.144,0.4450707,0.58526582,Strong Buy,41.92811956,0.594,Neutral,57.98642927,58.33440083,2.18559332,,0.5274,0.49465,0.5561,0.914185,74.70238095,84.82142857,87.01445095,78.35741825,13.73390558,25.82278034,27.46781116,0.53,0.5049006,0
UNIONCOOP,UNION COOP,2.96,0.33898305,0.01,Strong Buy,8000,23680,,,,Retail Trade,DFM,3.08,2.88,0.5734009,35.71428571,0,644945.5,14.02618854,0.02008824,2.91798771,2.97901229,0.02236937,0,0.01014488,0,0,0.33898305,0.33898305,0,67.18346253,United Arab Emirates,2.94559096,2.96,2.95837037,2.94,2.95,2.9175,2.925,0,0,Internet Retail,2.96,0.00589504,0.00543934,0.01,2.92594431,2.96523761,Strong Buy,37.80477087,2.96,Buy,51.76249931,56.8729723,0.6410616,,2.952,2.9485,2.9362,2.95215,46.66666667,53.33333333,43.96675009,39.20473327,1.70648464,1.43256656,1.70648464,2.95208934,2.95010349,0.00285714
UPP,UNION PROPERTIES,0.369,0,0,Buy,9058108,3342441.852,1436995949,28.828125,0.0128,Finance,DFM,0.374,0.27,0.8499689,0,28.57142857,131340048,38.09991864,0.00788824,0.35636251,0.37313749,0.00541678,-0.80645161,0.00326051,-0.003,10.14925373,0,0,0,80.43875686,United Arab Emirates,0.36434038,0.369,0.36897037,0.362,0.366,0.3485,0.34,10.14925373,-0.80645161,Real Estate Development,0.369,0.00393198,0.00422451,-0.003,0.35785761,0.37082316,Strong Buy,15.61958051,0.369,Sell,29.81377576,62.17120035,0.93198279,4.67271142,0.3678,0.36475,0.3552,0.325905,61.11111111,67.36111111,22.147821,16.79745745,13.33333333,4.95832127,13.33333333,0.35526179,0.36715185,0.00378571
WAHA,Waha Capital Company,1.18,-0.84033613,-0.01,Strong Sell,500000,590000,2350743356,9.19719408,0.1283,Finance,ADX,1.22,1.15,0.7773151,0,35.71428571,1713362.9,18.67375103,-0.00038235,1.17340652,1.20559348,-0.01634978,-1.66666667,0.00786863,-0.02,0,0,-0.84033613,-0.84033613,-117.64705882,United Arab Emirates,1.18868549,1.18,1.18059259,1.19,1.19,1.1875,1.19,0,-1.66666667,Financial Conglomerates,1.18,-0.00080119,0.00032465,-0.01,1.1713054,1.20606557,Strong Sell,46.00999538,1.18,Sell,20.00875441,45.24742354,15.75150427,,1.186,1.1895,1.1888,1.1931,22.22222222,16.66666667,31.14551558,30.53822578,1.69491525,1.57374458,1.69491525,1.18675841,1.18462829,0.00285714